{
  "red": [
    [0.0,      0.1178,   0.1178],
    [0.015873, 0.195857, 0.195857],
    [0.031746, 0.250661, 0.250661],
    [0.047619, 0.295468, 0.295468],
    [0.063492, 0.334324, 0.334324],
    [0.079365, 0.369112, 0.369112],
    [0.095238, 0.400892, 0.400892],
    [0.111111, 0.430331, 0.430331],
    [0.126984, 0.457882, 0.457882],
    [0.142857, 0.483867, 0.483867],
    [0.158730, 0.508525, 0.508525],
    [0.174603, 0.532042, 0.532042],
    [0.190476, 0.554563, 0.554563],
    [0.206349, 0.576204, 0.576204],
    [0.222222, 0.597061, 0.597061],
    [0.238095, 0.617213, 0.617213],
    [0.253968, 0.636729, 0.636729],
    [0.269841, 0.655663, 0.655663],
    [0.285714, 0.674066, 0.674066],
    [0.301587, 0.691980, 0.691980],
    [0.317460, 0.709441, 0.709441],
    [0.333333, 0.726483, 0.726483],
    [0.349206, 0.743134, 0.743134],
    [0.365079, 0.759421, 0.759421],
    [0.380952, 0.766356, 0.766356],
    [0.396825, 0.773229, 0.773229],
    [0.412698, 0.780042, 0.780042],
    [0.428571, 0.786796, 0.786796],
    [0.444444, 0.793492, 0.793492],
    [0.460317, 0.800132, 0.800132],
    [0.476190, 0.806718, 0.806718],
    [0.492063, 0.813250, 0.813250],
    [0.507937, 0.819730, 0.819730],
    [0.523810, 0.826160, 0.826160],
    [0.539683, 0.832539, 0.832539],
    [0.555556, 0.838870, 0.838870],
    [0.571429, 0.845154, 0.845154],
    [0.587302, 0.851392, 0.851392],
    [0.603175, 0.857584, 0.857584],
    [0.619048, 0.863731, 0.863731],
    [0.634921, 0.869835, 0.869835],
    [0.650794, 0.875897, 0.875897],
    [0.666667, 0.881917, 0.881917],
    [0.682540, 0.887896, 0.887896],
    [0.698413, 0.893835, 0.893835],
    [0.714286, 0.899735, 0.899735],
    [0.730159, 0.905597, 0.905597],
    [0.746032, 0.911421, 0.911421],
    [0.761905, 0.917208, 0.917208],
    [0.777778, 0.922958, 0.922958],
    [0.793651, 0.928673, 0.928673],
    [0.809524, 0.934353, 0.934353],
    [0.825397, 0.939999, 0.939999],
    [0.841270, 0.945611, 0.945611],
    [0.857143, 0.951190, 0.951190],
    [0.873016, 0.956736, 0.956736],
    [0.888889, 0.962250, 0.962250],
    [0.904762, 0.967733, 0.967733],
    [0.920635, 0.973185, 0.973185],
    [0.936508, 0.978607, 0.978607],
    [0.952381, 0.983999, 0.983999],
    [0.968254, 0.989361, 0.989361],
    [0.984127, 0.994695, 0.994695],
    [1.0,      1.0,      1.0]
  ],
  "green": [
    [0.0,      0.0,      0.0],
    [0.015873, 0.102869, 0.102869],
    [0.031746, 0.145479, 0.145479],
    [0.047619, 0.178174, 0.178174],
    [0.063492, 0.205738, 0.205738],
    [0.079365, 0.230022, 0.230022],
    [0.095238, 0.251976, 0.251976],
    [0.111111, 0.272166, 0.272166],
    [0.126984, 0.290957, 0.290957],
    [0.142857, 0.308607, 0.308607],
    [0.158730, 0.325300, 0.325300],
    [0.174603, 0.341178, 0.341178],
    [0.190476, 0.356348, 0.356348],
    [0.206349, 0.370899, 0.370899],
    [0.222222, 0.384900, 0.384900],
    [0.238095, 0.398410, 0.398410],
    [0.253968, 0.411476, 0.411476],
    [0.269841, 0.424139, 0.424139],
    [0.285714, 0.436436, 0.436436],
    [0.301587, 0.448395, 0.448395],
    [0.317460, 0.460044, 0.460044],
    [0.333333, 0.471405, 0.471405],
    [0.349206, 0.482498, 0.482498],
    [0.365079, 0.493342, 0.493342],
    [0.380952, 0.517549, 0.517549],
    [0.396825, 0.540674, 0.540674],
    [0.412698, 0.562849, 0.562849],
    [0.428571, 0.584183, 0.584183],
    [0.444444, 0.604765, 0.604765],
    [0.460317, 0.624669, 0.624669],
    [0.476190, 0.643958, 0.643958],
    [0.492063, 0.662687, 0.662687],
    [0.507937, 0.680900, 0.680900],
    [0.523810, 0.698638, 0.698638],
    [0.539683, 0.715937, 0.715937],
    [0.555556, 0.732828, 0.732828],
    [0.571429, 0.749338, 0.749338],
    [0.587302, 0.765493, 0.765493],
    [0.603175, 0.781313, 0.781313],
    [0.619048, 0.796819, 0.796819],
    [0.634921, 0.812029, 0.812029],
    [0.650794, 0.826960, 0.826960],
    [0.666667, 0.841625, 0.841625],
    [0.682540, 0.856040, 0.856040],
    [0.698413, 0.870216, 0.870216],
    [0.714286, 0.884164, 0.884164],
    [0.730159, 0.897896, 0.897896],
    [0.746032, 0.911421, 0.911421],
    [0.761905, 0.917208, 0.917208],
    [0.777778, 0.922958, 0.922958],
    [0.793651, 0.928673, 0.928673],
    [0.809524, 0.934353, 0.934353],
    [0.825397, 0.939999, 0.939999],
    [0.841270, 0.945611, 0.945611],
    [0.857143, 0.951190, 0.951190],
    [0.873016, 0.956736, 0.956736],
    [0.888889, 0.962250, 0.962250],
    [0.904762, 0.967733, 0.967733],
    [0.920635, 0.973185, 0.973185],
    [0.936508, 0.978607, 0.978607],
    [0.952381, 0.983999, 0.983999],
    [0.968254, 0.989361, 0.989361],
    [0.984127, 0.994695, 0.994695],
    [1.0,      1.0,      1.0]
  ],
  "blue":  [
    [0.0,      0.0,      0.0],
    [0.015873, 0.102869, 0.102869],
    [0.031746, 0.145479, 0.145479],
    [0.047619, 0.178174, 0.178174],
    [0.063492, 0.205738, 0.205738],
    [0.079365, 0.230022, 0.230022],
    [0.095238, 0.251976, 0.251976],
    [0.111111, 0.272166, 0.272166],
    [0.126984, 0.290957, 0.290957],
    [0.142857, 0.308607, 0.308607],
    [0.158730, 0.325300, 0.325300],
    [0.174603, 0.341178, 0.341178],
    [0.190476, 0.356348, 0.356348],
    [0.206349, 0.370899, 0.370899],
    [0.222222, 0.384900, 0.384900],
    [0.238095, 0.398410, 0.398410],
    [0.253968, 0.411476, 0.411476],
    [0.269841, 0.424139, 0.424139],
    [0.285714, 0.436436, 0.436436],
    [0.301587, 0.448395, 0.448395],
    [0.317460, 0.460044, 0.460044],
    [0.333333, 0.471405, 0.471405],
    [0.349206, 0.482498, 0.482498],
    [0.365079, 0.493342, 0.493342],
    [0.380952, 0.503953, 0.503953],
    [0.396825, 0.514344, 0.514344],
    [0.412698, 0.524531, 0.524531],
    [0.428571, 0.534522, 0.534522],
    [0.444444, 0.544331, 0.544331],
    [0.460317, 0.553966, 0.553966],
    [0.476190, 0.563436, 0.563436],
    [0.492063, 0.572750, 0.572750],
    [0.507937, 0.581914, 0.581914],
    [0.523810, 0.590937, 0.590937],
    [0.539683, 0.599824, 0.599824],
    [0.555556, 0.608581, 0.608581],
    [0.571429, 0.617213, 0.617213],
    [0.587302, 0.625727, 0.625727],
    [0.603175, 0.634126, 0.634126],
    [0.619048, 0.642416, 0.642416],
    [0.634921, 0.650600, 0.650600],
    [0.650794, 0.658682, 0.658682],
    [0.666667, 0.666667, 0.666667],
    [0.682540, 0.674556, 0.674556],
    [0.698413, 0.682355, 0.682355],
    [0.714286, 0.690066, 0.690066],
    [0.730159, 0.697691, 0.697691],
    [0.746032, 0.705234, 0.705234],
    [0.761905, 0.727166, 0.727166],
    [0.777778, 0.748455, 0.748455],
    [0.793651, 0.769156, 0.769156],
    [0.809524, 0.789314, 0.789314],
    [0.825397, 0.808969, 0.808969],
    [0.841270, 0.828159, 0.828159],
    [0.857143, 0.846913, 0.846913],
    [0.873016, 0.865261, 0.865261],
    [0.888889, 0.883229, 0.883229],
    [0.904762, 0.900837, 0.900837],
    [0.920635, 0.918109, 0.918109],
    [0.936508, 0.935061, 0.935061],
    [0.952381, 0.951711, 0.951711],
    [0.968254, 0.968075, 0.968075],
    [0.984127, 0.984167, 0.984167],
    [1.0,      1.0,      1.0]
  ]
}
